Heisig_number,Kanji,Chapter
1,一,1
2,二,1
3,三,1
4,四,1
5,五,1
6,六,1
7,七,1
8,八,1
9,九,1
10,十,1
11,口,1
12,日,1
13,月,1
14,田,1
15,目,1
16,古,2
17,吾,2
18,冒,2
19,朋,2
20,明,2
21,唱,2
22,晶,2
23,品,2
24,呂,2
25,昌,2
26,早,2
27,旭,2
28,世,2
29,胃,2
30,旦,2
31,胆,2
32,亘,2
33,凹,2
34,凸,2
35,旧,3
36,自,3
37,白,3
38,百,3
39,中,3
40,千,3
41,舌,3
42,升,3
43,昇,3
44,丸,3
45,寸,3
46,肘,3
47,専,3
48,博,3
49,占,3
50,上,3
51,下,3
52,卓,3
53,朝,3
54,嘲,3
55,只,4
56,貝,4
57,唄,4
58,貞,4
59,員,4
60,貼,4
61,見,4
62,児,4
63,元,4
64,頁,4
65,頑,4
66,凡,4
67,負,4
68,万,4
69,句,4
70,肌,4
71,旬,4
72,勺,4
73,的,4
74,首,4
75,乙,5
76,乱,5
77,直,5
78,具,5
79,真,5
80,工,5
81,左,5
82,右,5
83,有,5
84,賄,5
85,貢,5
86,項,5
87,刀,5
88,刃,5
89,切,5
90,召,5
91,昭,5
92,則,5
93,副,5
94,別,5
95,丁,5
96,町,5
97,可,5
98,頂,5
99,子,6
100,孔,6
101,了,6
102,女,6
103,好,6
104,如,6
105,母,6
106,貫,6
107,兄,6
108,呪,6
109,克,6
110,小,7
111,少,7
112,大,7
113,多,7
114,夕,7
115,汐,7
116,外,7
117,名,7
118,石,7
119,肖,7
120,硝,7
121,砕,7
122,砂,7
123,妬,7
124,削,7
125,光,7
126,太,7
127,器,7
128,臭,7
129,嗅,7
130,妙,7
131,省,7
132,厚,7
133,奇,7
134,川,8
135,州,8
136,順,8
137,水,8
138,氷,8
139,永,8
140,泉,8
141,腺,8
142,原,8
143,願,8
144,泳,8
145,沼,8
146,沖,8
147,汎,8
148,江,8
149,汰,8
150,汁,8
151,沙,8
152,潮,8
153,源,8
154,活,8
155,消,8
156,況,8
157,河,8
158,泊,8
159,湖,8
160,測,8
161,土,8
162,吐,8
163,圧,8
164,埼,8
165,垣,8
166,填,8
167,圭,8
168,封,8
169,涯,8
170,寺,8
171,時,8
172,均,8
173,火,8
174,炎,8
175,煩,8
176,淡,8
177,灯,8
178,畑,8
179,災,8
180,灰,8
181,点,8
182,照,8
183,魚,8
184,漁,8
185,里,9
186,黒,9
187,墨,9
188,鯉,9
189,量,9
190,厘,9
191,埋,9
192,同,9
193,洞,9
194,胴,9
195,向,9
196,尚,9
197,字,9
198,守,9
199,完,9
200,宣,9
201,宵,9
202,安,9
203,宴,9
204,寄,9
205,富,9
206,貯,9
207,木,10
208,林,10
209,森,10
210,桂,10
211,柏,10
212,枠,10
213,梢,10
214,棚,10
215,杏,10
216,桐,10
217,植,10
218,椅,10
219,枯,10
220,朴,10
221,村,10
222,相,10
223,机,10
224,本,10
225,札,10
226,暦,10
227,案,10
228,燥,10
229,未,10
230,昧,10
231,末,10
232,沫,10
233,味,10
234,妹,10
235,朱,10
236,株,10
237,若,10
238,草,10
239,苦,10
240,苛,10
241,寛,10
242,薄,10
243,葉,10
244,模,10
245,漠,10
246,墓,10
247,暮,10
248,膜,10
249,苗,10
250,兆,11
251,桃,11
252,眺,11
253,犬,11
254,状,11
255,黙,11
256,然,11
257,荻,11
258,狩,11
259,猫,11
260,牛,11
261,特,11
262,告,11
263,先,11
264,洗,11
265,介,12
266,界,12
267,茶,12
268,脊,12
269,合,12
270,塔,12
271,王,12
272,玉,12
273,宝,12
274,珠,12
275,現,12
276,玩,12
277,狂,12
278,旺,12
279,皇,12
280,呈,12
281,全,12
282,栓,12
283,理,12
284,主,12
285,注,12
286,柱,12
287,金,12
288,銑,12
289,鉢,12
290,銅,12
291,釣,12
292,針,12
293,銘,12
294,鎮,12
295,道,13
296,導,13
297,辻,13
298,迅,13
299,造,13
300,迫,13
301,逃,13
302,辺,13
303,巡,13
304,車,13
305,連,13
306,軌,13
307,輸,13
308,喩,13
309,前,13
310,煎,13
311,各,13
312,格,13
313,賂,13
314,略,13
315,客,13
316,額,13
317,夏,13
318,処,13
319,条,13
320,落,13
321,冗,14
322,冥,14
323,軍,14
324,輝,14
325,運,14
326,冠,14
327,夢,14
328,坑,14
329,高,14
330,享,14
331,塾,14
332,熟,14
333,亭,14
334,京,14
335,涼,14
336,景,14
337,鯨,14
338,舎,14
339,周,14
340,週,14
341,士,14
342,吉,14
343,壮,14
344,荘,14
345,売,14
346,学,15
347,覚,15
348,栄,15
349,書,15
350,津,15
351,牧,15
352,攻,15
353,敗,15
354,枚,15
355,故,15
356,敬,15
357,言,15
358,警,15
359,計,15
360,詮,15
361,獄,15
362,訂,15
363,訃,15
364,討,15
365,訓,15
366,詔,15
367,詰,15
368,話,15
369,詠,15
370,詩,15
371,語,15
372,読,15
373,調,15
374,談,15
375,諾,15
376,諭,15
377,式,16
378,試,16
379,弐,16
380,域,16
381,賊,16
382,栽,16
383,載,16
384,茂,16
385,戚,16
386,成,16
387,城,16
388,誠,16
389,威,16
390,滅,16
391,減,16
392,蔑,16
393,桟,16
394,銭,16
395,浅,17
396,止,17
397,歩,17
398,渉,17
399,頻,17
400,肯,17
401,企,17
402,歴,17
403,武,17
404,賦,17
405,正,17
406,証,17
407,政,17
408,定,17
409,錠,17
410,走,17
411,超,17
412,赴,17
413,越,17
414,是,17
415,題,17
416,堤,17
417,建,17
418,鍵,17
419,延,17
420,誕,17
421,礎,17
422,婿,17
423,衣,18
424,裁,18
425,装,18
426,裏,18
427,壊,18
428,哀,18
429,遠,18
430,猿,18
431,初,18
432,巾,18
433,布,18
434,帆,18
435,幅,18
436,帽,18
437,幕,18
438,幌,18
439,錦,18
440,市,18
441,柿,18
442,姉,18
443,肺,18
444,帯,18
445,滞,18
446,刺,18
447,制,18
448,製,18
449,転,18
450,芸,18
451,雨,18
452,雲,18
453,曇,18
454,雷,18
455,霜,18
456,冬,18
457,天,18
458,妖,18
459,沃,18
460,橋,18
461,嬌,18
462,立,18
463,泣,18
464,章,18
465,競,18
466,帝,18
467,諦,18
468,童,18
469,瞳,18
470,鐘,18
471,商,18
472,嫡,18
473,適,18
474,滴,18
475,敵,18
476,匕,18
477,叱,18
478,匂,18
479,頃,18
480,北,18
481,背,18
482,比,18
483,昆,18
484,皆,18
485,楷,18
486,諧,18
487,混,18
488,渇,18
489,謁,18
490,褐,18
491,喝,18
492,葛,18
493,旨,18
494,脂,18
495,詣,18
496,壱,18
497,毎,18
498,敏,18
499,梅,18
500,海,18
501,乞,18
502,乾,18
503,腹,18
504,複,18
505,欠,18
506,吹,18
507,炊,18
508,歌,18
509,軟,18
510,次,18
511,茨,18
512,資,18
513,姿,18
514,諮,18
515,賠,19
516,培,19
517,剖,19
518,音,19
519,暗,19
520,韻,19
521,識,19
522,鏡,19
523,境,19
524,亡,19
525,盲,19
526,妄,19
527,荒,19
528,望,19
529,方,19
530,妨,19
531,坊,19
532,芳,19
533,肪,19
534,訪,19
535,放,19
536,激,19
537,脱,19
538,説,19
539,鋭,19
540,曽,19
541,増,19
542,贈,19
543,東,19
544,棟,19
545,凍,19
546,妊,19
547,廷,19
548,染,20
549,燃,20
550,賓,20
551,歳,20
552,県,20
553,栃,20
554,地,21
555,池,21
556,虫,21
557,蛍,21
558,蛇,21
559,虹,21
560,蝶,21
561,独,21
562,蚕,21
563,風,21
564,己,21
565,起,21
566,妃,21
567,改,21
568,記,21
569,包,21
570,胞,21
571,砲,21
572,泡,21
573,亀,21
574,電,21
575,竜,21
576,滝,21
577,豚,21
578,逐,21
579,遂,21
580,家,21
581,嫁,21
582,豪,21
583,腸,21
584,場,21
585,湯,21
586,羊,21
587,美,21
588,洋,21
589,詳,21
590,鮮,21
591,達,21
592,羨,21
593,差,21
594,着,21
595,唯,21
596,堆,21
597,椎,21
598,誰,21
599,焦,21
600,礁,21
601,集,21
602,准,21
603,進,21
604,雑,21
605,雌,21
606,準,21
607,奮,21
608,奪,21
609,確,21
610,午,21
611,許,21
612,歓,21
613,権,21
614,観,21
615,羽,21
616,習,21
617,翌,21
618,曜,21
619,濯,21
620,曰,22
621,困,22
622,固,22
623,錮,22
624,国,22
625,団,22
626,因,22
627,姻,22
628,咽,22
629,園,22
630,回,22
631,壇,22
632,店,22
633,庫,22
634,庭,22
635,庁,22
636,床,22
637,麻,22
638,磨,22
639,心,22
640,忘,22
641,恣,22
642,忍,22
643,認,22
644,忌,22
645,志,22
646,誌,22
647,芯,22
648,忠,22
649,串,22
650,患,22
651,思,22
652,恩,22
653,応,22
654,意,22
655,臆,22
656,想,22
657,息,22
658,憩,22
659,恵,22
660,恐,22
661,惑,22
662,感,22
663,憂,22
664,寡,22
665,忙,22
666,悦,22
667,恒,22
668,悼,22
669,悟,22
670,怖,22
671,慌,22
672,悔,22
673,憎,22
674,慣,22
675,愉,22
676,惰,22
677,慎,22
678,憾,22
679,憶,22
680,惧,22
681,憧,22
682,憬,22
683,慕,22
684,添,22
685,必,22
686,泌,22
687,手,23
688,看,23
689,摩,23
690,我,23
691,義,23
692,議,23
693,犠,23
694,抹,23
695,拭,23
696,拉,23
697,抱,23
698,搭,23
699,抄,23
700,抗,23
701,批,23
702,招,23
703,拓,23
704,拍,23
705,打,23
706,拘,23
707,捨,23
708,拐,23
709,摘,23
710,挑,23
711,指,23
712,持,23
713,拶,23
714,括,23
715,揮,23
716,推,23
717,揚,23
718,提,23
719,損,23
720,拾,23
721,担,23
722,拠,23
723,描,23
724,操,23
725,接,23
726,掲,23
727,掛,23
728,捗,23
729,研,23
730,戒,23
731,弄,23
732,械,23
733,鼻,23
734,刑,23
735,型,23
736,才,23
737,財,23
738,材,23
739,存,23
740,在,23
741,乃,23
742,携,23
743,及,23
744,吸,23
745,扱,23
746,丈,23
747,史,23
748,吏,23
749,更,23
750,硬,23
751,梗,23
752,又,23
753,双,23
754,桑,23
755,隻,23
756,護,23
757,獲,23
758,奴,23
759,怒,23
760,友,23
761,抜,23
762,投,23
763,没,23
764,股,23
765,設,23
766,撃,23
767,殻,23
768,支,23
769,技,23
770,枝,23
771,肢,23
772,茎,23
773,怪,23
774,軽,23
775,叔,23
776,督,23
777,寂,23
778,淑,23
779,反,23
780,坂,23
781,板,23
782,返,23
783,販,23
784,爪,23
785,妥,23
786,乳,23
787,浮,23
788,淫,23
789,将,23
790,奨,23
791,采,23
792,採,23
793,菜,23
794,受,23
795,授,23
796,愛,23
797,曖,23
798,払,23
799,広,23
800,勾,23
801,拡,23
802,鉱,23
803,弁,23
804,雄,23
805,台,23
806,怠,23
807,治,23
808,冶,23
809,始,23
810,胎,23
811,窓,23
812,去,23
813,法,23
814,会,23
815,至,23
816,室,23
817,到,23
818,致,23
819,互,23
820,棄,23
821,育,23
822,撤,23
823,充,23
824,銃,23
825,硫,23
826,流,23
827,允,23
828,唆,23
829,出,24
830,山,24
831,拙,24
832,岩,24
833,炭,24
834,岐,24
835,峠,24
836,崩,24
837,密,24
838,蜜,24
839,嵐,24
840,崎,24
841,崖,24
842,入,24
843,込,24
844,分,24
845,貧,24
846,頒,24
847,公,24
848,松,24
849,翁,24
850,訟,24
851,谷,24
852,浴,24
853,容,24
854,溶,24
855,欲,24
856,裕,24
857,鉛,24
858,沿,24
859,賞,25
860,党,25
861,堂,25
862,常,25
863,裳,25
864,掌,25
865,皮,25
866,波,25
867,婆,25
868,披,25
869,破,25
870,被,25
871,残,25
872,殉,25
873,殊,25
874,殖,25
875,列,25
876,裂,25
877,烈,25
878,死,25
879,葬,25
880,瞬,25
881,耳,25
882,取,25
883,趣,25
884,最,25
885,撮,25
886,恥,25
887,職,25
888,聖,25
889,敢,25
890,聴,25
891,懐,25
892,慢,25
893,漫,25
894,買,25
895,置,25
896,罰,25
897,寧,25
898,濁,25
899,環,25
900,還,25
901,夫,25
902,扶,25
903,渓,25
904,規,25
905,替,25
906,賛,25
907,潜,25
908,失,25
909,鉄,25
910,迭,25
911,臣,25
912,姫,25
913,蔵,25
914,臓,25
915,賢,25
916,腎,25
917,堅,25
918,臨,25
919,覧,25
920,巨,25
921,拒,25
922,力,25
923,男,25
924,労,25
925,募,25
926,劣,25
927,功,25
928,勧,25
929,努,25
930,勃,25
931,励,25
932,加,25
933,賀,25
934,架,25
935,脇,25
936,脅,25
937,協,25
938,行,25
939,律,25
940,復,25
941,得,25
942,従,25
943,徒,25
944,待,25
945,往,25
946,征,25
947,径,25
948,彼,25
949,役,25
950,徳,25
951,徹,25
952,徴,25
953,懲,25
954,微,25
955,街,25
956,桁,25
957,衡,25
958,稿,26
959,稼,26
960,程,26
961,税,26
962,稚,26
963,和,26
964,移,26
965,秒,26
966,秋,26
967,愁,26
968,私,26
969,秩,26
970,秘,26
971,称,26
972,利,26
973,梨,26
974,穫,26
975,穂,26
976,稲,26
977,香,26
978,季,26
979,委,26
980,秀,26
981,透,26
982,誘,26
983,稽,26
984,穀,26
985,菌,26
986,萎,26
987,米,26
988,粉,26
989,粘,26
990,粒,26
991,粧,26
992,迷,26
993,粋,26
994,謎,26
995,糧,26
996,菊,26
997,奥,26
998,数,26
999,楼,26
1000,類,26
1001,漆,26
1002,膝,26
1003,様,26
1004,求,26
1005,球,26
1006,救,26
1007,竹,26
1008,笑,26
1009,笠,26
1010,笹,26
1011,箋,26
1012,筋,26
1013,箱,26
1014,筆,26
1015,筒,26
1016,等,26
1017,算,26
1018,答,26
1019,策,26
1020,簿,26
1021,築,26
1022,篭,26
1023,人,27
1024,佐,27
1025,侶,27
1026,但,27
1027,住,27
1028,位,27
1029,仲,27
1030,体,27
1031,悠,27
1032,件,27
1033,仕,27
1034,他,27
1035,伏,27
1036,伝,27
1037,仏,27
1038,休,27
1039,仮,27
1040,伎,27
1041,伯,27
1042,俗,27
1043,信,27
1044,佳,27
1045,依,27
1046,例,27
1047,個,27
1048,健,27
1049,側,27
1050,侍,27
1051,停,27
1052,値,27
1053,倣,27
1054,傲,27
1055,倒,27
1056,偵,27
1057,僧,27
1058,億,27
1059,儀,27
1060,償,27
1061,仙,27
1062,催,27
1063,仁,27
1064,侮,27
1065,使,27
1066,便,27
1067,倍,27
1068,優,27
1069,伐,27
1070,宿,27
1071,傷,27
1072,保,27
1073,褒,27
1074,傑,27
1075,付,27
1076,符,27
1077,府,27
1078,任,27
1079,賃,27
1080,代,27
1081,袋,27
1082,貸,27
1083,化,27
1084,花,27
1085,貨,27
1086,傾,27
1087,何,27
1088,荷,27
1089,俊,27
1090,傍,27
1091,俺,27
1092,久,27
1093,畝,27
1094,囚,27
1095,内,27
1096,丙,27
1097,柄,27
1098,肉,27
1099,腐,27
1100,座,27
1101,挫,27
1102,卒,27
1103,傘,27
1104,匁,28
1105,以,28
1106,似,28
1107,併,28
1108,瓦,28
1109,瓶,28
1110,宮,28
1111,営,28
1112,善,28
1113,膳,28
1114,年,28
1115,夜,28
1116,液,28
1117,塚,28
1118,幣,28
1119,蔽,28
1120,弊,28
1121,喚,28
1122,換,28
1123,融,28
1124,施,29
1125,旋,29
1126,遊,29
1127,旅,29
1128,勿,29
1129,物,29
1130,易,29
1131,賜,29
1132,尿,29
1133,尼,29
1134,尻,29
1135,泥,29
1136,塀,29
1137,履,29
1138,屋,29
1139,握,29
1140,屈,29
1141,掘,29
1142,堀,29
1143,居,29
1144,据,29
1145,裾,29
1146,層,29
1147,局,29
1148,遅,29
1149,漏,29
1150,刷,29
1151,尺,29
1152,尽,29
1153,沢,29
1154,訳,29
1155,択,29
1156,昼,29
1157,戸,29
1158,肩,29
1159,房,29
1160,扇,29
1161,炉,29
1162,戻,29
1163,涙,29
1164,雇,29
1165,顧,29
1166,啓,29
1167,示,30
1168,礼,30
1169,祥,30
1170,祝,30
1171,福,30
1172,祉,30
1173,社,30
1174,視,30
1175,奈,30
1176,尉,30
1177,慰,30
1178,款,30
1179,禁,30
1180,襟,30
1181,宗,30
1182,崇,30
1183,祭,30
1184,察,30
1185,擦,30
1186,由,30
1187,抽,30
1188,油,30
1189,袖,30
1190,宙,30
1191,届,30
1192,笛,30
1193,軸,30
1194,甲,30
1195,押,30
1196,岬,30
1197,挿,30
1198,申,30
1199,伸,30
1200,神,30
1201,捜,30
1202,果,30
1203,菓,30
1204,課,30
1205,裸,30
1206,斤,31
1207,析,31
1208,所,31
1209,祈,31
1210,近,31
1211,折,31
1212,哲,31
1213,逝,31
1214,誓,31
1215,斬,31
1216,暫,31
1217,漸,31
1218,断,31
1219,質,31
1220,斥,31
1221,訴,31
1222,昨,31
1223,詐,31
1224,作,31
1225,雪,31
1226,録,31
1227,剥,31
1228,尋,31
1229,急,31
1230,穏,31
1231,侵,31
1232,浸,31
1233,寝,31
1234,婦,31
1235,掃,31
1236,当,31
1237,彙,31
1238,争,31
1239,浄,31
1240,事,31
1241,唐,31
1242,糖,31
1243,康,31
1244,逮,31
1245,伊,31
1246,君,31
1247,群,31
1248,耐,31
1249,需,31
1250,儒,31
1251,端,31
1252,両,31
1253,満,31
1254,画,31
1255,歯,31
1256,曲,31
1257,曹,31
1258,遭,31
1259,漕,31
1260,槽,31
1261,斗,31
1262,料,31
1263,科,31
1264,図,31
1265,用,31
1266,庸,31
1267,備,32
1268,昔,32
1269,錯,32
1270,借,32
1271,惜,32
1272,措,32
1273,散,32
1274,廿,32
1275,庶,32
1276,遮,32
1277,席,32
1278,度,32
1279,渡,32
1280,奔,32
1281,噴,32
1282,墳,32
1283,憤,32
1284,焼,32
1285,暁,32
1286,半,32
1287,伴,32
1288,畔,32
1289,判,32
1290,拳,32
1291,券,32
1292,巻,32
1293,圏,32
1294,勝,32
1295,藤,32
1296,謄,32
1297,片,32
1298,版,32
1299,之,32
1300,乏,32
1301,芝,32
1302,不,32
1303,否,32
1304,杯,32
1305,矢,33
1306,矯,33
1307,族,33
1308,知,33
1309,智,33
1310,挨,33
1311,矛,33
1312,柔,33
1313,務,33
1314,霧,33
1315,班,33
1316,帰,33
1317,弓,33
1318,引,33
1319,弔,33
1320,弘,33
1321,強,33
1322,弥,33
1323,弱,33
1324,溺,33
1325,沸,33
1326,費,33
1327,第,33
1328,弟,33
1329,巧,33
1330,号,33
1331,朽,33
1332,誇,33
1333,顎,33
1334,汚,33
1335,与,33
1336,写,33
1337,身,34
1338,射,34
1339,謝,34
1340,老,34
1341,考,34
1342,孝,34
1343,教,34
1344,拷,34
1345,者,34
1346,煮,34
1347,著,34
1348,箸,34
1349,署,34
1350,暑,34
1351,諸,34
1352,猪,34
1353,渚,34
1354,賭,34
1355,峡,34
1356,狭,34
1357,挟,34
1358,頬,34
1359,追,34
1360,阜,34
1361,師,34
1362,帥,34
1363,官,34
1364,棺,34
1365,管,34
1366,父,34
1367,釜,34
1368,交,34
1369,効,34
1370,較,34
1371,校,34
1372,足,34
1373,促,34
1374,捉,34
1375,距,34
1376,路,34
1377,露,34
1378,跳,34
1379,躍,34
1380,践,34
1381,踏,34
1382,踪,34
1383,骨,34
1384,滑,34
1385,髄,34
1386,禍,34
1387,渦,34
1388,鍋,34
1389,過,34
1390,阪,35
1391,阿,35
1392,際,35
1393,障,35
1394,隙,35
1395,随,35
1396,陪,35
1397,陽,35
1398,陳,35
1399,防,35
1400,附,35
1401,院,35
1402,陣,35
1403,隊,35
1404,墜,35
1405,降,35
1406,階,35
1407,陛,35
1408,隣,35
1409,隔,35
1410,隠,35
1411,堕,35
1412,陥,35
1413,穴,35
1414,空,35
1415,控,35
1416,突,35
1417,究,35
1418,窒,35
1419,窃,35
1420,窟,35
1421,窪,35
1422,搾,35
1423,窯,35
1424,窮,35
1425,探,35
1426,深,35
1427,丘,35
1428,岳,35
1429,兵,35
1430,浜,35
1431,糸,36
1432,織,36
1433,繕,36
1434,縮,36
1435,繁,36
1436,縦,36
1437,緻,36
1438,線,36
1439,綻,36
1440,締,36
1441,維,36
1442,羅,36
1443,練,36
1444,緒,36
1445,続,36
1446,絵,36
1447,統,36
1448,絞,36
1449,給,36
1450,絡,36
1451,結,36
1452,終,36
1453,級,36
1454,紀,36
1455,紅,36
1456,納,36
1457,紡,36
1458,紛,36
1459,紹,36
1460,経,36
1461,紳,36
1462,約,36
1463,細,36
1464,累,36
1465,索,36
1466,総,36
1467,綿,36
1468,絹,36
1469,繰,36
1470,継,36
1471,緑,36
1472,縁,36
1473,網,36
1474,緊,36
1475,紫,36
1476,縛,36
1477,縄,36
1478,幼,36
1479,後,36
1480,幽,36
1481,幾,36
1482,機,36
1483,畿,36
1484,玄,36
1485,畜,36
1486,蓄,36
1487,弦,36
1488,擁,36
1489,滋,36
1490,慈,36
1491,磁,36
1492,系,36
1493,係,36
1494,孫,36
1495,懸,36
1496,遜,36
1497,却,37
1498,脚,37
1499,卸,37
1500,御,37
1501,服,37
1502,命,37
1503,令,37
1504,零,37
1505,齢,37
1506,冷,37
1507,領,37
1508,鈴,37
1509,勇,37
1510,湧,37
1511,通,37
1512,踊,37
1513,疑,37
1514,擬,37
1515,凝,37
1516,範,37
1517,犯,37
1518,氾,37
1519,厄,37
1520,危,37
1521,宛,37
1522,腕,37
1523,苑,37
1524,怨,37
1525,柳,37
1526,卵,37
1527,留,37
1528,瑠,37
1529,貿,37
1530,印,37
1531,臼,37
1532,毀,37
1533,興,37
1534,酉,38
1535,酒,38
1536,酌,38
1537,酎,38
1538,酵,38
1539,酷,38
1540,酬,38
1541,酪,38
1542,酢,38
1543,酔,38
1544,配,38
1545,酸,38
1546,猶,38
1547,尊,38
1548,豆,38
1549,頭,38
1550,短,38
1551,豊,38
1552,鼓,38
1553,喜,38
1554,樹,38
1555,皿,38
1556,血,38
1557,盆,38
1558,盟,38
1559,盗,38
1560,温,38
1561,蓋,38
1562,監,38
1563,濫,38
1564,鑑,38
1565,藍,38
1566,猛,38
1567,盛,38
1568,塩,38
1569,銀,38
1570,恨,38
1571,根,38
1572,即,38
1573,爵,38
1574,節,38
1575,退,38
1576,限,38
1577,眼,38
1578,良,38
1579,朗,38
1580,浪,38
1581,娘,38
1582,食,38
1583,飯,38
1584,飲,38
1585,飢,38
1586,餓,38
1587,飾,38
1588,餌,38
1589,館,38
1590,餅,38
1591,養,38
1592,飽,38
1593,既,38
1594,概,38
1595,慨,38
1596,平,39
1597,呼,39
1598,坪,39
1599,評,39
1600,刈,39
1601,刹,39
1602,希,39
1603,凶,39
1604,胸,39
1605,離,39
1606,璃,39
1607,殺,39
1608,爽,39
1609,純,39
1610,頓,39
1611,鈍,39
1612,辛,39
1613,辞,39
1614,梓,39
1615,宰,39
1616,壁,39
1617,璧,39
1618,避,39
1619,新,39
1620,薪,39
1621,親,39
1622,幸,39
1623,執,39
1624,摯,39
1625,報,39
1626,叫,39
1627,糾,39
1628,収,39
1629,卑,39
1630,碑,39
1631,陸,39
1632,睦,39
1633,勢,39
1634,熱,39
1635,菱,39
1636,陵,39
1637,亥,39
1638,核,39
1639,刻,39
1640,該,39
1641,骸,39
1642,劾,39
1643,述,39
1644,術,39
1645,寒,39
1646,塞,39
1647,醸,39
1648,譲,39
1649,壌,39
1650,嬢,39
1651,毒,40
1652,素,40
1653,麦,40
1654,青,40
1655,精,40
1656,請,40
1657,情,40
1658,晴,40
1659,清,40
1660,静,40
1661,責,40
1662,績,40
1663,積,40
1664,債,40
1665,漬,40
1666,表,40
1667,俵,40
1668,潔,40
1669,契,40
1670,喫,40
1671,害,40
1672,轄,40
1673,割,40
1674,憲,40
1675,生,40
1676,星,40
1677,醒,40
1678,姓,40
1679,性,40
1680,牲,40
1681,産,40
1682,隆,40
1683,峰,40
1684,蜂,40
1685,縫,40
1686,拝,40
1687,寿,40
1688,鋳,40
1689,籍,40
1690,春,40
1691,椿,40
1692,泰,40
1693,奏,40
1694,実,40
1695,奉,40
1696,俸,40
1697,棒,40
1698,謹,40
1699,僅,40
1700,勤,40
1701,漢,40
1702,嘆,40
1703,難,40
1704,華,40
1705,垂,40
1706,唾,40
1707,睡,40
1708,錘,40
1709,乗,40
1710,剰,40
1711,今,41
1712,含,41
1713,貪,41
1714,吟,41
1715,念,41
1716,捻,41
1717,琴,41
1718,陰,41
1719,予,41
1720,序,41
1721,預,41
1722,野,41
1723,兼,41
1724,嫌,41
1725,鎌,41
1726,謙,41
1727,廉,41
1728,西,41
1729,価,41
1730,要,41
1731,腰,41
1732,票,41
1733,漂,41
1734,標,41
1735,栗,41
1736,慄,41
1737,遷,41
1738,覆,41
1739,煙,41
1740,南,41
1741,楠,41
1742,献,41
1743,門,42
1744,問,42
1745,閲,42
1746,閥,42
1747,間,42
1748,闇,42
1749,簡,42
1750,開,42
1751,閉,42
1752,閣,42
1753,閑,42
1754,聞,42
1755,潤,42
1756,欄,42
1757,闘,42
1758,倉,42
1759,創,42
1760,非,42
1761,俳,42
1762,排,42
1763,悲,42
1764,罪,42
1765,輩,42
1766,扉,42
1767,侯,42
1768,喉,42
1769,候,42
1770,決,42
1771,快,42
1772,偉,42
1773,違,42
1774,緯,42
1775,衛,42
1776,韓,42
1777,干,43
1778,肝,43
1779,刊,43
1780,汗,43
1781,軒,43
1782,岸,43
1783,幹,43
1784,芋,43
1785,宇,43
1786,余,43
1787,除,43
1788,徐,43
1789,叙,43
1790,途,43
1791,斜,43
1792,塗,43
1793,束,43
1794,頼,43
1795,瀬,43
1796,勅,43
1797,疎,43
1798,辣,43
1799,速,43
1800,整,43
1801,剣,43
1802,険,43
1803,検,43
1804,倹,43
1805,重,43
1806,動,43
1807,腫,43
1808,勲,43
1809,働,43
1810,種,43
1811,衝,43
1812,薫,43
1813,病,44
1814,痴,44
1815,痘,44
1816,症,44
1817,瘍,44
1818,痩,44
1819,疾,44
1820,嫉,44
1821,痢,44
1822,痕,44
1823,疲,44
1824,疫,44
1825,痛,44
1826,癖,44
1827,匿,44
1828,匠,44
1829,医,44
1830,匹,44
1831,区,44
1832,枢,44
1833,殴,44
1834,欧,44
1835,抑,44
1836,仰,44
1837,迎,44
1838,登,44
1839,澄,44
1840,発,44
1841,廃,44
1842,僚,44
1843,瞭,44
1844,寮,44
1845,療,44
1846,彫,45
1847,形,45
1848,影,45
1849,杉,45
1850,彩,45
1851,彰,45
1852,彦,45
1853,顔,45
1854,須,45
1855,膨,45
1856,参,45
1857,惨,45
1858,修,45
1859,珍,45
1860,診,45
1861,文,45
1862,対,45
1863,紋,45
1864,蚊,45
1865,斑,45
1866,斉,45
1867,剤,45
1868,済,45
1869,斎,45
1870,粛,45
1871,塁,45
1872,楽,45
1873,薬,45
1874,率,45
1875,渋,45
1876,摂,45
1877,央,45
1878,英,45
1879,映,45
1880,赤,45
1881,赦,45
1882,変,45
1883,跡,45
1884,蛮,45
1885,恋,45
1886,湾,45
1887,黄,45
1888,横,45
1889,把,45
1890,色,45
1891,絶,45
1892,艶,45
1893,肥,45
1894,甘,46
1895,紺,46
1896,某,46
1897,謀,46
1898,媒,46
1899,欺,46
1900,棋,46
1901,旗,46
1902,期,46
1903,碁,46
1904,基,46
1905,甚,46
1906,勘,46
1907,堪,46
1908,貴,46
1909,遺,46
1910,遣,46
1911,潰,46
1912,舞,46
1913,無,46
1914,組,47
1915,粗,47
1916,租,47
1917,狙,47
1918,祖,47
1919,阻,47
1920,査,47
1921,助,47
1922,宜,47
1923,畳,47
1924,並,47
1925,普,47
1926,譜,47
1927,湿,47
1928,顕,47
1929,繊,47
1930,霊,47
1931,業,47
1932,撲,47
1933,僕,47
1934,共,47
1935,供,47
1936,異,47
1937,翼,47
1938,戴,47
1939,洪,47
1940,港,47
1941,暴,47
1942,爆,47
1943,恭,47
1944,選,47
1945,殿,47
1946,井,48
1947,丼,48
1948,囲,48
1949,耕,48
1950,亜,48
1951,悪,48
1952,円,48
1953,角,48
1954,触,48
1955,解,48
1956,再,48
1957,講,48
1958,購,48
1959,構,48
1960,溝,48
1961,論,48
1962,倫,48
1963,輪,48
1964,偏,48
1965,遍,48
1966,編,48
1967,冊,48
1968,柵,48
1969,典,48
1970,氏,49
1971,紙,49
1972,婚,49
1973,低,49
1974,抵,49
1975,底,49
1976,民,49
1977,眠,49
1978,捕,49
1979,哺,49
1980,浦,49
1981,蒲,49
1982,舗,49
1983,補,49
1984,邸,49
1985,郭,49
1986,郡,49
1987,郊,49
1988,部,49
1989,都,49
1990,郵,49
1991,邦,49
1992,那,49
1993,郷,49
1994,響,49
1995,郎,49
1996,廊,49
1997,盾,50
1998,循,50
1999,派,50
2000,脈,50
2001,衆,50
2002,逓,50
2003,段,50
2004,鍛,50
2005,后,50
2006,幻,50
2007,司,50
2008,伺,50
2009,詞,50
2010,飼,50
2011,嗣,50
2012,舟,50
2013,舶,50
2014,航,50
2015,舷,50
2016,般,50
2017,盤,50
2018,搬,50
2019,船,50
2020,艦,50
2021,艇,50
2022,瓜,50
2023,弧,50
2024,孤,50
2025,繭,51
2026,益,51
2027,暇,51
2028,敷,51
2029,来,51
2030,気,51
2031,汽,51
2032,飛,51
2033,沈,51
2034,枕,51
2035,妻,51
2036,凄,51
2037,衰,51
2038,衷,51
2039,面,51
2040,麺,51
2041,革,51
2042,靴,51
2043,覇,51
2044,声,51
2045,眉,51
2046,呉,51
2047,娯,51
2048,誤,51
2049,蒸,51
2050,承,51
2051,函,51
2052,極,51
2053,牙,52
2054,芽,52
2055,邪,52
2056,雅,52
2057,釈,52
2058,番,52
2059,審,52
2060,翻,52
2061,藩,52
2062,毛,52
2063,耗,52
2064,尾,52
2065,宅,52
2066,託,52
2067,為,52
2068,偽,52
2069,畏,52
2070,長,52
2071,張,52
2072,帳,52
2073,脹,52
2074,髪,52
2075,展,52
2076,喪,52
2077,巣,53
2078,単,53
2079,戦,53
2080,禅,53
2081,弾,53
2082,桜,53
2083,獣,53
2084,脳,53
2085,悩,53
2086,厳,53
2087,鎖,53
2088,挙,53
2089,誉,53
2090,猟,53
2091,鳥,53
2092,鳴,53
2093,鶴,53
2094,烏,53
2095,蔦,53
2096,鳩,53
2097,鶏,53
2098,島,53
2099,暖,53
2100,媛,53
2101,援,53
2102,緩,53
2103,属,53
2104,嘱,53
2105,偶,53
2106,遇,53
2107,愚,53
2108,隅,53
2109,逆,53
2110,塑,53
2111,遡,53
2112,岡,53
2113,鋼,53
2114,綱,53
2115,剛,53
2116,缶,53
2117,陶,53
2118,揺,53
2119,謡,53
2120,鬱,53
2121,就,53
2122,蹴,53
2123,懇,53
2124,墾,53
2125,貌,53
2126,免,53
2127,逸,53
2128,晩,53
2129,勉,53
2130,象,53
2131,像,53
2132,馬,54
2133,駒,54
2134,験,54
2135,騎,54
2136,駐,54
2137,駆,54
2138,駅,54
2139,騒,54
2140,駄,54
2141,驚,54
2142,篤,54
2143,罵,54
2144,騰,54
2145,虎,54
2146,虜,54
2147,膚,54
2148,虚,54
2149,戯,54
2150,虞,54
2151,慮,54
2152,劇,54
2153,虐,54
2154,鹿,54
2155,麓,54
2156,薦,54
2157,慶,54
2158,麗,54
2159,熊,54
2160,能,54
2161,態,54
2162,寅,55
2163,演,55
2164,辰,55
2165,辱,55
2166,震,55
2167,振,55
2168,娠,55
2169,唇,55
2170,農,55
2171,濃,55
2172,送,55
2173,関,55
2174,咲,55
2175,鬼,55
2176,醜,55
2177,魂,55
2178,魔,55
2179,魅,55
2180,塊,55
2181,襲,55
2182,嚇,56
2183,朕,56
2184,雰,56
2185,箇,56
2186,錬,56
2187,遵,56
2188,罷,56
2189,屯,56
2190,且,56
2191,藻,56
2192,隷,56
2193,癒,56
2194,璽,56
2195,潟,56
2196,丹,56
2197,丑,56
2198,羞,56
2199,卯,56
2200,巳,56
